First Name,Last Name,Company,Industry,Email,Lead Id
Zack,Grasso,your company,Industrial Real Estate,zgrasso@aeroscena.com,zgrasso@aeroscena.com
there,,your company,Industrial Real Estate,support@clevemed.com,support@clevemed.com
Eric,Buller,your company,Industrial Real Estate,ebuller@buckeyemedicalsupply.com,ebuller@buckeyemedicalsupply.com
Kevin,Reed,your company,Industrial Real Estate,kevin.reed@centerlinebiomedical.com,kevin.reed@centerlinebiomedical.com
Manny,Glynias,your company,Industrial Real Estate,mglynias@clevelandsp.com,mglynias@clevelandsp.com
Donna,Richardson,your company,Industrial Real Estate,donna@collamedixinc.com,donna@collamedixinc.com
Kent,Manson,your company,Industrial Real Estate,kmanson@diasome.com,kmanson@diasome.com
Kurt,G. Culbertson,your company,Industrial Real Estate,k.culbertson@gebauer.com,k.culbertson@gebauer.com
Edward,Wennerberg,your company,Industrial Real Estate,edward@genomoncology.com,edward@genomoncology.com
Brian,Seitz,your company,Industrial Real Estate,bseitz@hillcrestfoods.com,bseitz@hillcrestfoods.com
Adam,Graybill,your company,Industrial Real Estate,adam@journeybio.life,adam@journeybio.life
Debbi,Schauer,your company,Industrial Real Estate,schauer@kroy.com,schauer@kroy.com
Jim,Leimkuehler,your company,Industrial Real Estate,leimkuehler@leimkuehlerinc.com,leimkuehler@leimkuehlerinc.com
Gina,Tegtman,your company,Industrial Real Estate,gtegtman@lincare.com,gtegtman@lincare.com
Lyle,Fenton,your company,Industrial Real Estate,lyle.fenton@marlenmfg.com,lyle.fenton@marlenmfg.com
Meera,Juneja,your company,Industrial Real Estate,mjuneja@matrixmedicaldevices.com,mjuneja@matrixmedicaldevices.com
Geoffrey,Thrope,your company,Industrial Real Estate,gthrope@ndimedical.com,gthrope@ndimedical.com
Sarah,Capucini,your company,Industrial Real Estate,sarah.capucini@medicalserviceco.com,sarah.capucini@medicalserviceco.com
Adam,"E. Rakestraw, J.d",your company,Industrial Real Estate,adam@mediview.com,adam@mediview.com
Jim,Mccall,your company,Industrial Real Estate,jim@medline.com,jim@medline.com
Susan,Conover,your company,Industrial Real Estate,sconover@metrohealth.org,sconover@metrohealth.org
Daniel,Craig,your company,Industrial Real Estate,craig@millers.com,craig@millers.com
Andrew,Shoffstall,your company,Industrial Real Estate,andrew@neuronoff.com,andrew@neuronoff.com
Dan,Stefano,your company,Industrial Real Estate,dan@nnoble.com,dan@nnoble.com
Rekha,Bansal,your company,Industrial Real Estate,rekha@novelmed.com,rekha@novelmed.com
Mike,Swinford,your company,Industrial Real Estate,swinford@numotion.com,swinford@numotion.com
there,,your company,Industrial Real Estate,camccann@premiermedohio.com,camccann@premiermedohio.com
Chris,Baun,your company,Industrial Real Estate,cbaun@discount-drugmart.com,cbaun@discount-drugmart.com
Blake,Gehring,your company,Industrial Real Estate,bgehring@rehabmedical.com,bgehring@rehabmedical.com
Gary,Medved,your company,Industrial Real Estate,gary.medved@navage.com,gary.medved@navage.com
Allyson,Kostalnick,your company,Industrial Real Estate,akostalnick@superiorprod.com,akostalnick@superiorprod.com
Danielle,Pierre,your company,Industrial Real Estate,dpierre@thermofisher.com,dpierre@thermofisher.com
Shqiperim,Behluli,your company,Industrial Real Estate,shqiperim.behluli@thommenmedical.com,shqiperim.behluli@thommenmedical.com
Gary,Durk,your company,Industrial Real Estate,gary@accucarehomemedical.net,gary@accucarehomemedical.net
Tom,Simon,your company,Industrial Real Estate,tsimon@applied-inc.com,tsimon@applied-inc.com
Virginia,Avisto,your company,Industrial Real Estate,vavisto@apria.com,vavisto@apria.com
there,,your company,Industrial Real Estate,employment@uhhospitals.org,employment@uhhospitals.org
Dan,Moran,your company,Industrial Real Estate,dan.moran@ccsmed.com,dan.moran@ccsmed.com
Stephen,Downey,your company,Industrial Real Estate,downey@clevelandclinic.org,downey@clevelandclinic.org
Rachel,Mazur,your company,Industrial Real Estate,rmazur@godasco.com,rmazur@godasco.com
there,,your company,Industrial Real Estate,support@clevelandclinic.org,support@clevelandclinic.org
Bob,Birt,your company,Industrial Real Estate,bob@webuymedical.com,bob@webuymedical.com
Marie,Juncaj,your company,Industrial Real Estate,marie.juncaj@monitormedical.com,marie.juncaj@monitormedical.com
Allan,F.,your company,Industrial Real Estate,allan@rotech.com,allan@rotech.com
there,,your company,Industrial Real Estate,abmedtransport@gmail.com,abmedtransport@gmail.com
there,,your company,Industrial Real Estate,info@abdentalsupply.com,info@abdentalsupply.com
Jason,Luo,your company,Industrial Real Estate,jluo@accellix.com,jluo@accellix.com
Scot,Felsoci,your company,Industrial Real Estate,scot.felsoci@airgas.com,scot.felsoci@airgas.com
Steve,Woodard,your company,Industrial Real Estate,steve@alacrity.com,steve@alacrity.com
there,,your company,Industrial Real Estate,mike@alliancemedsupply.com,mike@alliancemedsupply.com
there,,your company,Industrial Real Estate,medicalmarket@icloud.com,medicalmarket@icloud.com
there,,your company,Industrial Real Estate,info@americanmedicalinc.com,info@americanmedicalinc.com
Rusty,Bischoff,your company,Industrial Real Estate,rusty@bischoffsmedical.com,rusty@bischoffsmedical.com
there,,your company,Industrial Real Estate,ceo@bradfordmedicalsupply.com,ceo@bradfordmedicalsupply.com
there,,your company,Industrial Real Estate,catheters@zeusinc.com,catheters@zeusinc.com
Robert,Hand,your company,Industrial Real Estate,hr@checkpointtechnologies.com,hr@checkpointtechnologies.com
Ben,Johnson,your company,Industrial Real Estate,bjohnson@cmecorp.com,bjohnson@cmecorp.com
Derek,Mcqueary,your company,Industrial Real Estate,derek@cpapservices.net,derek@cpapservices.net
Sergio,Aguirre,your company,Industrial Real Estate,sergio@echopixeltech.com,sergio@echopixeltech.com
Hana,Yu,your company,Industrial Real Estate,hana@heliousa.com,hana@heliousa.com
Karsten,Christensen,your company,Industrial Real Estate,karsten@jazzimaging.com,karsten@jazzimaging.com
Rob,Urban,your company,Industrial Real Estate,rob@kneescooterusa.com,rob@kneescooterusa.com
Reza,Khorasaninejad,your company,Industrial Real Estate,reza@leadoptik.com,reza@leadoptik.com
Cadie,McGonagill,your company,Industrial Real Estate,cm@lincare.com,cm@lincare.com
Bill,Wiedemann,your company,Industrial Real Estate,bill@lumarasystems.com,bill@lumarasystems.com
there,,your company,Industrial Real Estate,bo@md-mart.com,bo@md-mart.com
Susan,Mingle,your company,Industrial Real Estate,smingle@medonegroup.com,smingle@medonegroup.com
Sam,Moss,your company,Industrial Real Estate,sam.moss@medeologix.com,sam.moss@medeologix.com
there,,your company,Industrial Real Estate,info@meditrina-inc.com,info@meditrina-inc.com
there,,your company,Industrial Real Estate,info@mybesthomecare.com,info@mybesthomecare.com
there,,your company,Industrial Real Estate,customercare@nasalvalve.com,customercare@nasalvalve.com
Kelli,Gerasimou,your company,Industrial Real Estate,kelli.gerasimou@neuspera.com,kelli.gerasimou@neuspera.com
Ryan,Balko,your company,Industrial Real Estate,ryan.balko@nordsonmedical.com,ryan.balko@nordsonmedical.com
there,,your company,Industrial Real Estate,hr@novelbeamusa.com,hr@novelbeamusa.com
Gauri,"Naik,, Ph.D.",your company,Industrial Real Estate,gauri@optrascan.com,gauri@optrascan.com
Amy,Merrill,your company,Industrial Real Estate,amerrill@outsetmedical.com,amerrill@outsetmedical.com
Rob,Gochoel,your company,Industrial Real Estate,rgochoel@prexion.com,rgochoel@prexion.com
Brittany,Thomas,your company,Industrial Real Estate,bthomas@reliamed.com,bthomas@reliamed.com
Shayne,Fitz-Coy,your company,Industrial Real Estate,shayne.fitz-coy@responselink.com,shayne.fitz-coy@responselink.com
Shervin,Javadi,your company,Industrial Real Estate,sjavadi@stratedigm.com,sjavadi@stratedigm.com
Ahsan,Abbas,your company,Industrial Real Estate,ahsan.abbas@tech4lifeenterprises.com,ahsan.abbas@tech4lifeenterprises.com
Shawn,Williams,your company,Industrial Real Estate,shawn.williams@thomassci.com,shawn.williams@thomassci.com
Dabb,George,your company,Industrial Real Estate,g.dabb@ultralift.com,g.dabb@ultralift.com
there,,your company,Industrial Real Estate,info@unimedusa.com,info@unimedusa.com
Kent,Humerickhouse,your company,Industrial Real Estate,kent@umiultrasound.com,kent@umiultrasound.com
Ed,Gay,your company,Industrial Real Estate,egay@usme.com,egay@usme.com
there,,your company,Industrial Real Estate,socialmedia@vander-bend.com,socialmedia@vander-bend.com
Stephen,Rosenzweig,your company,Industrial Real Estate,stephen.rosenzweig@vavehealth.com,stephen.rosenzweig@vavehealth.com
Michael,Zatzke,your company,Industrial Real Estate,michael.zatzke@visbymedical.com,michael.zatzke@visbymedical.com
Dongri,Meng,your company,Industrial Real Estate,dongri.meng@x-scanimaging.com,dongri.meng@x-scanimaging.com
Don,Pettibone,your company,Industrial Real Estate,dpettibone@xoftinc.com,dpettibone@xoftinc.com
Sara,Johnson,your company,Industrial Real Estate,johnson@abbott.com,johnson@abbott.com
Brian,Tang,your company,Industrial Real Estate,brian@ad-surgical.com,brian@ad-surgical.com
there,,your company,Industrial Real Estate,admin@myairforlife.com,admin@myairforlife.com
there,,your company,Industrial Real Estate,info@oxygenheals.com,info@oxygenheals.com
Helen,Kearney,your company,Industrial Real Estate,helen.kearney@bostonscientific.com,helen.kearney@bostonscientific.com
David,Persing,your company,Industrial Real Estate,david.persing@cepheid.com,david.persing@cepheid.com
Craig,Barker,your company,Industrial Real Estate,craig.barker@ceribell.com,craig.barker@ceribell.com
Dennis,Mamaril,your company,Industrial Real Estate,dennis.mamaril@dukeempirical.com,dennis.mamaril@dukeempirical.com
Sarah,Smith,your company,Industrial Real Estate,smith@scvmed.org,smith@scvmed.org
John,Chenoweth,your company,Industrial Real Estate,john.c@elekta.com,john.c@elekta.com
Jack,Le,your company,Industrial Real Estate,jle@hologic.com,jle@hologic.com
Selina,Bertos,your company,Industrial Real Estate,selinabertos@hmshomemedicalsolutions.com,selinabertos@hmshomemedicalsolutions.com
Remy,Dioso,your company,Industrial Real Estate,remy@impaktmedical.com,remy@impaktmedical.com
Tram,Nguyen,your company,Industrial Real Estate,tnguyen@intraop.com,tnguyen@intraop.com
there,,your company,Industrial Real Estate,jmsmedicalsupply@gmail.com,jmsmedicalsupply@gmail.com
Amanda,Devane,your company,Industrial Real Estate,amanda@kaiserpermanente.org,amanda@kaiserpermanente.org
there,,your company,Industrial Real Estate,info@fortheface.com,info@fortheface.com
Bret,Feranchak,your company,Industrial Real Estate,bret.feranchak@medtronic.com,bret.feranchak@medtronic.com
Jarrod,Trammell,your company,Industrial Real Estate,jarrod@microprecision.com,jarrod@microprecision.com
Kris,Lothongkam,your company,Industrial Real Estate,klothongkam@ndssi.com,klothongkam@ndssi.com
Mark,E. Biehl,your company,Industrial Real Estate,mbiehl@ncmedical.com,mbiehl@ncmedical.com
Celina,Krukow,your company,Industrial Real Estate,ckrukow@pacmedical.com,ckrukow@pacmedical.com
there,,your company,Industrial Real Estate,damon.silver@pdo.sccgov.org,damon.silver@pdo.sccgov.org
Navpreet,Atwal,your company,Industrial Real Estate,navpreet.atwal@sutterhealth.org,navpreet.atwal@sutterhealth.org
Lisa,Smith,your company,Industrial Real Estate,lisa.smith@shockwavemedical.com,lisa.smith@shockwavemedical.com
Luc,"Nguyen, DPT, OCS",your company,Industrial Real Estate,luc@specializedptsolutions.com,luc@specializedptsolutions.com
Peter,Van,your company,Industrial Real Estate,peterv@steri-tek.com,peterv@steri-tek.com
Ashley,Campagna,your company,Industrial Real Estate,ashley.campagna@stryker.com,ashley.campagna@stryker.com
Catharina,Brandsten,your company,Industrial Real Estate,catharina_brandsten@takarabio.com,catharina_brandsten@takarabio.com
there,,your company,Industrial Real Estate,nextstepboutique@aol.com,nextstepboutique@aol.com
Chuan,Chen,your company,Industrial Real Estate,chen@thermofisher.com,chen@thermofisher.com
Emmanuel,Vicencio,your company,Industrial Real Estate,emmanuel.vicencio@zoll.com,emmanuel.vicencio@zoll.com
John,"Roberts-Kinyon, CO",your company,Industrial Real Estate,john@binsons.com,john@binsons.com
Gilles,Theriault,your company,Industrial Real Estate,gilles.theriault@cardinalhealth.com,gilles.theriault@cardinalhealth.com
Melissa,Aho,your company,Industrial Real Estate,aho@ecmoore.com,aho@ecmoore.com
Mary,Browne,your company,Industrial Real Estate,mbrowne@hartmedical.org,mbrowne@hartmedical.org
Scott,Barnhart,your company,Industrial Real Estate,scott@adapthealth.com,scott@adapthealth.com
Abe,Kanan,your company,Industrial Real Estate,abe@lapromanendoserv.com,abe@lapromanendoserv.com
Gary,Patrize,your company,Industrial Real Estate,g.patrize@patrizemicroscope.com,g.patrize@patrizemicroscope.com
there,,your company,Industrial Real Estate,customerservice@adapthealth.com,customerservice@adapthealth.com
there,,your company,Industrial Real Estate,warriorspharmacy@outlook.com,warriorspharmacy@outlook.com
Rebecca,Spragg,your company,Industrial Real Estate,rebecca.s@wright-filippis.com,rebecca.s@wright-filippis.com
Brian,Taylor,your company,Industrial Real Estate,btaylor@dmc.org,btaylor@dmc.org
there,,your company,Industrial Real Estate,info@elatedmedical.com,info@elatedmedical.com
Kevin,Owens,your company,Industrial Real Estate,kowens@eloquesthealthcare.com,kowens@eloquesthealthcare.com
Craig,Toth,your company,Industrial Real Estate,craig@mobilemedicalrepair.com,craig@mobilemedicalrepair.com
Andy,Pedisich,your company,Industrial Real Estate,andy@questdiagnostics.com,andy@questdiagnostics.com
there,,your company,Industrial Real Estate,orders@atozwheelchairs.com,orders@atozwheelchairs.com
there,,your company,Industrial Real Estate,synexus@gmail.com,synexus@gmail.com
there,,your company,Industrial Real Estate,info@ai1ms.com,info@ai1ms.com
there,,your company,Industrial Real Estate,alphaomegamedical@gmail.com,alphaomegamedical@gmail.com
Maria,Jones,your company,Industrial Real Estate,maria.jones@axismedical.com,maria.jones@axismedical.com
Gabriel,Estrada,your company,Industrial Real Estate,gabriel@bekmedical.com,gabriel@bekmedical.com
there,,your company,Industrial Real Estate,sales@saltommedicals.com,sales@saltommedicals.com
Robert,Lande,your company,Industrial Real Estate,rlande@byramhealthcare.com,rlande@byramhealthcare.com
there,,your company,Industrial Real Estate,info@cpapstoredallas.com,info@cpapstoredallas.com
Rebecca,Coughlin,your company,Industrial Real Estate,rebecca@cvimedical.com,rebecca@cvimedical.com
there,,your company,Industrial Real Estate,sales@daltonmedical.com,sales@daltonmedical.com
there,,your company,Industrial Real Estate,support@dignicap.com,support@dignicap.com
Doug,Korfe,your company,Industrial Real Estate,dkorfe@galtmedical.com,dkorfe@galtmedical.com
there,,your company,Industrial Real Estate,gatescomed@gmail.com,gatescomed@gmail.com
Bettie,Austin,your company,Industrial Real Estate,baustin@goodnightmedical.com,baustin@goodnightmedical.com
Tonya,Ramirez,your company,Industrial Real Estate,tonya.ramirez@healthlinedme.com,tonya.ramirez@healthlinedme.com
Steve,Bash,your company,Industrial Real Estate,steve.bash@infusystem.com,steve.bash@infusystem.com
Stacey,Gregory,your company,Industrial Real Estate,stacey@koyamedical.com,stacey@koyamedical.com
there,,your company,Industrial Real Estate,in..@lakeshorehcs.com,in..@lakeshorehcs.com
Brad,Ashton,your company,Industrial Real Estate,bashton@lincare.com,bashton@lincare.com
Brenda,Toms,your company,Industrial Real Estate,brenda@majorsmedicalservice.com,brenda@majorsmedicalservice.com
there,,your company,Industrial Real Estate,support@maximmedicalus.com,support@maximmedicalus.com
Eugenia,Snyder,your company,Industrial Real Estate,eugenia@medequipdepot.com,eugenia@medequipdepot.com
Brian,Buss,your company,Industrial Real Estate,brian.buss@medcad.com,brian.buss@medcad.com
Anita,Reddick,your company,Industrial Real Estate,anita.reddick@mpshme.com,anita.reddick@mpshme.com
Tim,Williams,your company,Industrial Real Estate,twilliams@medicostx.com,twilliams@medicostx.com
there,,your company,Industrial Real Estate,jandy@mmserviceco.com,jandy@mmserviceco.com
there,,your company,Industrial Real Estate,info@mbmts.com,info@mbmts.com
Jennifer,Wilson,your company,Industrial Real Estate,jwilson@onesourcemedical.com,jwilson@onesourcemedical.com
Chase,Tipping,your company,Industrial Real Estate,ctipping@osseus.com,ctipping@osseus.com
John,Koch,your company,Industrial Real Estate,johnk@peakmedicalresources.com,johnk@peakmedicalresources.com
Luke,Hambrick,your company,Industrial Real Estate,lhambrick@perimetermed.com,lhambrick@perimetermed.com
Jenae,Mannie,your company,Industrial Real Estate,jenae@pmpmed.com,jenae@pmpmed.com
Saima,Iftikhar,your company,Industrial Real Estate,saima@ptmedicaltechnologies.com,saima@ptmedicaltechnologies.com
Alisa,Adams,your company,Industrial Real Estate,adams@rehabmedical.com,adams@rehabmedical.com
Grant,Brunken,your company,Industrial Real Estate,grant.brunken@rotech.com,grant.brunken@rotech.com
Deena,Killingsworth,your company,Industrial Real Estate,deena@rsqme.net,deena@rsqme.net
Jamison,Carr,your company,Industrial Real Estate,jcarr@securitybrandsinc.com,jcarr@securitybrandsinc.com
Shane,Binding,your company,Industrial Real Estate,shane@slrmedicalconsulting.com,shane@slrmedicalconsulting.com
Kylin,"Fleischmann, Atp",your company,Industrial Real Estate,kylin@swmedreps.com,kylin@swmedreps.com
Dennis,Armstrong,your company,Industrial Real Estate,darmstrong@strukmyer.com,darmstrong@strukmyer.com
Jason,Hall,your company,Industrial Real Estate,jhall@texashomemedical.com,jhall@texashomemedical.com
Justin,Norris,your company,Industrial Real Estate,justin@universalmedsupply.com,justin@universalmedsupply.com
Tammy,Hart,your company,Industrial Real Estate,tammy@vesi.com,tammy@vesi.com
there,,your company,Industrial Real Estate,sales@vetmedsg.com,sales@vetmedsg.com
there,,your company,Industrial Real Estate,info@virashield.me,info@virashield.me
Robert,Stevenson,your company,Industrial Real Estate,robert@abc-med.com,robert@abc-med.com
Jacob,Puthenpurackal,your company,Industrial Real Estate,jacob@abundantlifemedical.com,jacob@abundantlifemedical.com
David,Gampher,your company,Industrial Real Estate,david@acgmedical.com,david@acgmedical.com
there,,your company,Industrial Real Estate,sales@amednow.com,sales@amednow.com
Megan,Henken,your company,Industrial Real Estate,mhenken@delasco.com,mhenken@delasco.com
Richard,Liu,your company,Industrial Real Estate,rliu@dentlight.com,rliu@dentlight.com
there,,your company,Industrial Real Estate,info@orthorehabaids.com,info@orthorehabaids.com
Michael,Jacobs,your company,Industrial Real Estate,mjacobs@inogen.com,mjacobs@inogen.com
Zac,Larson,your company,Industrial Real Estate,zac@laserresell.com,zac@laserresell.com
there,,your company,Industrial Real Estate,orders@metromedicals.net,orders@metromedicals.net
Karen,Bourne,your company,Industrial Real Estate,karen.bourne@monitormedical.com,karen.bourne@monitormedical.com
Dave,Hensley,your company,Industrial Real Estate,dave.hensley@mpmmed.com,dave.hensley@mpmmed.com
Cameo,Zehnder,your company,Industrial Real Estate,czehnder@pediatrichomeservice.com,czehnder@pediatrichomeservice.com
Rick,Bennett,your company,Industrial Real Estate,rick@questdiagnostics.com,rick@questdiagnostics.com
Keane,Fedosky,your company,Industrial Real Estate,kfedosky@sleeprehab.com,kfedosky@sleeprehab.com
Monique,Trejo,your company,Industrial Real Estate,monique.trejo@star-medical.net,monique.trejo@star-medical.net
Tony,Golden,your company,Industrial Real Estate,tony@synergymedsales.com,tony@synergymedsales.com
there,,your company,Industrial Real Estate,support@universalbiomedical.com,support@universalbiomedical.com
Elizabeth,Ward,your company,Industrial Real Estate,elizabeth.ward@utsouthwestern.edu,elizabeth.ward@utsouthwestern.edu
Sharon,Wilson,your company,Industrial Real Estate,sharon@mywhb.com,sharon@mywhb.com
Travis,Elley,your company,Industrial Real Estate,travis@accessmedicalequipment.com,travis@accessmedicalequipment.com
Theresa,"Nicoletto, MBA",your company,Industrial Real Estate,mba@adaptivebiotech.com,mba@adaptivebiotech.com
there,,your company,Industrial Real Estate,info@alexandrialaunchlabs.com,info@alexandrialaunchlabs.com
Michael,Dutton,your company,Industrial Real Estate,michael@alpenglowbiosciences.com,michael@alpenglowbiosciences.com
Melissa,Works,your company,Industrial Real Estate,mworks@altpep.com,mworks@altpep.com
Ephraim,Herschmann,your company,Industrial Real Estate,ephraim@ameultrasounds.com,ephraim@ameultrasounds.com
TwitchView,Tof,your company,Industrial Real Estate,twitchview@blinkdc.com,twitchview@blinkdc.com
Mark,Jordan,your company,Industrial Real Estate,markjordan@bodypoint.com,markjordan@bodypoint.com
Jt,Garwood,your company,Industrial Real Estate,jt@bttnusa.com,jt@bttnusa.com
Ryan,Murray,your company,Industrial Real Estate,ryan@comedical.com,ryan@comedical.com
Mischi,Carter,your company,Industrial Real Estate,mischi@cprseattle.com,mischi@cprseattle.com
Martin,Santos,your company,Industrial Real Estate,martin.santos@eng3corp.com,martin.santos@eng3corp.com
Scott,Baslee,your company,Industrial Real Estate,sbaslee@faradaypharma.com,sbaslee@faradaypharma.com
Darrick,Carter,your company,Industrial Real Estate,darrick.carter@hdt.bio,darrick.carter@hdt.bio
Helen,Li,your company,Industrial Real Estate,helen@healionics.com,helen@healionics.com
Syamal,Raychaudhuri,your company,Industrial Real Estate,syamal@inbios.com,syamal@inbios.com
Youbing,Yin,your company,Industrial Real Estate,youbing@keyamedical.com,youbing@keyamedical.com
John,Morrow,your company,Industrial Real Estate,jmorrow@lumen.bio,jmorrow@lumen.bio
there,,your company,Industrial Real Estate,sales@medicalrecoverystore.com,sales@medicalrecoverystore.com
Marlene,B.,your company,Industrial Real Estate,marleneb@norco-inc.com,marleneb@norco-inc.com
there,,your company,Industrial Real Estate,contact@opt.bio,contact@opt.bio
Kate,Hong,your company,Industrial Real Estate,kate@oppomedical.com,kate@oppomedical.com
Gwen,Ambler,your company,Industrial Real Estate,gwen@opticyte.com,gwen@opticyte.com
there,,your company,Industrial Real Estate,recruit@orangebiomed.com,recruit@orangebiomed.com
Benjamin,Hauge,your company,Industrial Real Estate,bhauge@performancehomemed.com,bhauge@performancehomemed.com
James,DePoy,your company,Industrial Real Estate,james@pharmid.com,james@pharmid.com
Fran,Marasow,your company,Industrial Real Estate,fran@professionalmedicalcorp.com,fran@professionalmedicalcorp.com
there,,your company,Industrial Real Estate,office@puritymedicalspa.com,office@puritymedicalspa.com
Renuka,Ramanathan,your company,Industrial Real Estate,renuka@shapetx.com,renuka@shapetx.com
Jeremy,Longinotti,your company,Industrial Real Estate,jeremy.longinotti@sleepdoctor.com,jeremy.longinotti@sleepdoctor.com
John,Sullivan,your company,Industrial Real Estate,jsullivan@soundpharma.com,jsullivan@soundpharma.com
Daniel,Bellin,your company,Industrial Real Estate,dbellin@tassoinc.com,dbellin@tassoinc.com
there,,your company,Industrial Real Estate,info@uptakemedical.com,info@uptakemedical.com
there,,your company,Industrial Real Estate,sales@wheelsforfeet.com,sales@wheelsforfeet.com
there,,your company,Industrial Real Estate,contactus@yccic.com,contactus@yccic.com
Matt,Hayes,your company,Industrial Real Estate,mhayes@amerisourcebergen.com,mhayes@amerisourcebergen.com
Meredith,Miller,your company,Industrial Real Estate,mmiller@bellevuehealthcare.com,mmiller@bellevuehealthcare.com
there,,your company,Industrial Real Estate,erifkin@biodyncorp.com,erifkin@biodyncorp.com
Greg,Hoole,your company,Industrial Real Estate,greg@citesafety.com,greg@citesafety.com
Todd,Thull,your company,Industrial Real Estate,todd.thull@costco.com,todd.thull@costco.com
Emily,Stressman,your company,Industrial Real Estate,estressman@emsl.com,estressman@emsl.com
Shawn,Kaplan,your company,Industrial Real Estate,skaplan@kamiyabiomedical.com,skaplan@kamiyabiomedical.com
Russell,Grant,your company,Industrial Real Estate,grantr@labcorp.com,grantr@labcorp.com
Walt,Vernon,your company,Industrial Real Estate,wvernon@mazzetti.com,wvernon@mazzetti.com
Johnny,Mitchell,your company,Industrial Real Estate,johnny.mitchell@pacelabs.com,johnny.mitchell@pacelabs.com
there,,your company,Industrial Real Estate,ken.guy@kingcounty.gov,ken.guy@kingcounty.gov
Margo,Samuelson,your company,Industrial Real Estate,margo.samuelson@seattlechildrens.org,margo.samuelson@seattlechildrens.org
there,,your company,Industrial Real Estate,info@seattlemobilemri.com,info@seattlemobilemri.com
Jim,Scott,your company,Industrial Real Estate,jim@seattlesurgical.com,jim@seattlesurgical.com
there,,your company,Industrial Real Estate,available@vmfh.org,available@vmfh.org
Peter,Carlson,your company,Industrial Real Estate,petercarlson@mtipt.com,petercarlson@mtipt.com
there,,your company,Industrial Real Estate,818medicalsupply@gmail.com,818medicalsupply@gmail.com
there,,your company,Industrial Real Estate,amsupplyincla@gmail.com,amsupplyincla@gmail.com
Fariba,Lavi,your company,Industrial Real Estate,flavi@alexmedicalproducts.com,flavi@alexmedicalproducts.com
Mia,Kemp,your company,Industrial Real Estate,mia.kemp@apria.com,mia.kemp@apria.com
there,,your company,Industrial Real Estate,info@assistmedinc.com,info@assistmedinc.com
there,,your company,Industrial Real Estate,info@inbody.com,info@inbody.com
Matthew,Thomas,your company,Industrial Real Estate,matthew.thomas@calmedequipment.com,matthew.thomas@calmedequipment.com
Jerianne,Latourelle,your company,Industrial Real Estate,jlatourelle@caloxinc.com,jlatourelle@caloxinc.com
there,,your company,Industrial Real Estate,info@cfsmedicalequipment.com,info@cfsmedicalequipment.com
there,,your company,Industrial Real Estate,orders@cytonetics.com,orders@cytonetics.com
there,,your company,Industrial Real Estate,sales@dmgmedicalsupply.com,sales@dmgmedicalsupply.com
there,,your company,Industrial Real Estate,ezmedsupply@gmail.com,ezmedsupply@gmail.com
there,,your company,Industrial Real Estate,orders@essentialcares.com,orders@essentialcares.com
John,Peraza,your company,Industrial Real Estate,john.peraza@expressrxinc.net,john.peraza@expressrxinc.net
there,,your company,Industrial Real Estate,help@eyemask.com,help@eyemask.com
Dawn,Johnson,your company,Industrial Real Estate,djohnson@sinupulse.com,djohnson@sinupulse.com
there,,your company,Industrial Real Estate,tanya3832@aol.com,tanya3832@aol.com
there,,your company,Industrial Real Estate,hometownmedsupok@gmail.com,hometownmedsupok@gmail.com
Yael,Hasson,your company,Industrial Real Estate,yael@icu-production.com,yael@icu-production.com
there,,your company,Industrial Real Estate,orders@majesticdme.com,orders@majesticdme.com
Janet,Vickers,your company,Industrial Real Estate,janet@kingmedicalsupply.com,janet@kingmedicalsupply.com
there,,your company,Industrial Real Estate,info@kmsupplies.com,info@kmsupplies.com
Renee,Arakelian,your company,Industrial Real Estate,renee@lamedicalwholesale.com,renee@lamedicalwholesale.com
there,,your company,Industrial Real Estate,contact@1800medicalsupply.com,contact@1800medicalsupply.com
there,,your company,Industrial Real Estate,ceo@medicalcodingoutsourcing.com,ceo@medicalcodingoutsourcing.com
Yeami,Lu,your company,Industrial Real Estate,yeami@dagacci.com,yeami@dagacci.com
Alexandra,Vega,your company,Industrial Real Estate,alexandrav@meritpharm.com,alexandrav@meritpharm.com
there,,your company,Industrial Real Estate,info@provectamedsupply.com,info@provectamedsupply.com
Ian,Larson,your company,Industrial Real Estate,ilarson@revivemedicalsupplies.com,ilarson@revivemedicalsupplies.com
Jack,Kell,your company,Industrial Real Estate,jack@shermanoaksmedical.com,jack@shermanoaksmedical.com
Anna,Brown,your company,Industrial Real Estate,anna@sifsof.com,anna@sifsof.com
there,,your company,Industrial Real Estate,support@smilesmed.com,support@smilesmed.com
Franca,Hillseth,your company,Industrial Real Estate,franca@starind.com,franca@starind.com
there,,your company,Industrial Real Estate,info@starmed-america.com,info@starmed-america.com
there,,your company,Industrial Real Estate,info@wellscare.net,info@wellscare.net
Haig,Youredjian,your company,Industrial Real Estate,haig@westerndrug.com,haig@westerndrug.com
there,,your company,Industrial Real Estate,info@whiterosethreads.com,info@whiterosethreads.com
there,,your company,Industrial Real Estate,info@8health.com,info@8health.com
there,,your company,Industrial Real Estate,info@a-1oxygen.com,info@a-1oxygen.com
there,,your company,Industrial Real Estate,a1medicalsupply@att.net,a1medicalsupply@att.net
Sukhee,Nee,your company,Industrial Real Estate,snee@abclab.com,snee@abclab.com
Lucy,Gomes,your company,Industrial Real Estate,lgomes@actionorthopedic.com,lgomes@actionorthopedic.com
Maria,Castro,your company,Industrial Real Estate,mariac@alcammedical.com,mariac@alcammedical.com
Craig,Johnston,your company,Industrial Real Estate,craig@alphaprops.com,craig@alphaprops.com
Fara,Mohseni,your company,Industrial Real Estate,fara@angelusmedical.com,fara@angelusmedical.com
Clay,McCullohs,your company,Industrial Real Estate,clay@arthrex.com,clay@arthrex.com
Chris,Barker,your company,Industrial Real Estate,chris.barker@audionova.com,chris.barker@audionova.com
there,,your company,Industrial Real Estate,info@beautyranchspa.com,info@beautyranchspa.com
there,,your company,Industrial Real Estate,info@biorxlabs.com,info@biorxlabs.com
Ashish,Buttan,your company,Industrial Real Estate,abuttan@chla.org,abuttan@chla.org
there,,your company,Industrial Real Estate,californiastrips4cash1@gmail.com,californiastrips4cash1@gmail.com
Kari,"Wells, Lvn, Bshca",your company,Industrial Real Estate,bkari@cambrianhomecare.com,bkari@cambrianhomecare.com
there,,your company,Industrial Real Estate,info@cashfordiabeticteststripslosangeles.com,info@cashfordiabeticteststripslosangeles.com
there,,your company,Industrial Real Estate,social@chla.usc.edu,social@chla.usc.edu
Heidi,Silva,your company,Industrial Real Estate,heidi@comfortcare.com,heidi@comfortcare.com
there,,your company,Industrial Real Estate,info@confidencefms.com,info@confidencefms.com
there,,your company,Industrial Real Estate,help@cpapcloud.com,help@cpapcloud.com
there,,your company,Industrial Real Estate,info@cpapstorelosangeles.com,info@cpapstorelosangeles.com
there,,your company,Industrial Real Estate,info@discountspaequipment.com,info@discountspaequipment.com
Peter,Sean,your company,Industrial Real Estate,peters@walkagain.com,peters@walkagain.com
Brian,Ibarra,your company,Industrial Real Estate,bibarra@foundationlaboratory.com,bibarra@foundationlaboratory.com
Sona,Small,your company,Industrial Real Estate,sona@fmsdme.com,sona@fmsdme.com
Shawn,Rosenkrans,your company,Industrial Real Estate,shawn.rosenkrans@grifols.com,shawn.rosenkrans@grifols.com
there,,your company,Industrial Real Estate,investors@grifols.com,investors@grifols.com
Gerry,Garcia,your company,Industrial Real Estate,ggarcia@imsla.com,ggarcia@imsla.com
Greg,Kahn,your company,Industrial Real Estate,gkahn@kadencehealthcare.com,gkahn@kadencehealthcare.com
there,,your company,Industrial Real Estate,info@kaiserpermanente.org,info@kaiserpermanente.org
there,,your company,Industrial Real Estate,info@laser15.com,info@laser15.com
there,,your company,Industrial Real Estate,info@keymedco.com,info@keymedco.com
there,,your company,Industrial Real Estate,info@ladigestivehealth.com,info@ladigestivehealth.com
there,,your company,Industrial Real Estate,info@losangelesspinaldecompression.com,info@losangelesspinaldecompression.com
there,,your company,Industrial Real Estate,info@mapmedicalsupply.com,info@mapmedicalsupply.com
Jay,Thorley,your company,Industrial Real Estate,jthorley@medonegroup.com,jthorley@medonegroup.com
Mark,Perry,your company,Industrial Real Estate,markperry@med-chem.com,markperry@med-chem.com
Ramin,Hooriani,your company,Industrial Real Estate,ramin@micromedinc.com,ramin@micromedinc.com
there,,your company,Industrial Real Estate,info@musicandhearing.com,info@musicandhearing.com
Ronald,Brown,your company,Industrial Real Estate,rbrown@all4kids.org,rbrown@all4kids.org
there,,your company,Industrial Real Estate,info@nortonmedical.com,info@nortonmedical.com
Sue,Chen,your company,Industrial Real Estate,suec@novajoy.com,suec@novajoy.com
there,,your company,Industrial Real Estate,info@openboxmedical.com,info@openboxmedical.com
there,,your company,Industrial Real Estate,contactus@optometricoptions.info,contactus@optometricoptions.info
Kimberly,Kovacs,your company,Industrial Real Estate,kimberly@picomedical.com,kimberly@picomedical.com
there,,your company,Industrial Real Estate,info@precisionboneimaging.com,info@precisionboneimaging.com
Darin,Montgomery,your company,Industrial Real Estate,dmontgomery@preferredipa.com,dmontgomery@preferredipa.com
there,,your company,Industrial Real Estate,support@promedonsite.com,support@promedonsite.com
Shawn,Yadidi,your company,Industrial Real Estate,shawn@promedonline.com,shawn@promedonline.com
there,,your company,Industrial Real Estate,properfitds@gmail.com,properfitds@gmail.com
Cyrus,Rafii,your company,Industrial Real Estate,cr@providence.org,cr@providence.org
there,,your company,Industrial Real Estate,support@shop-orthopedics.com,support@shop-orthopedics.com
Tina,Minh,your company,Industrial Real Estate,tina@solsticemed.com,tina@solsticemed.com
Alex,Marc,your company,Industrial Real Estate,alex@spasource.com,alex@spasource.com
there,,your company,Industrial Real Estate,info@stjoseph.health,info@stjoseph.health
Scribner,Malloni,your company,Industrial Real Estate,scribner.malloni@takeda.com,scribner.malloni@takeda.com
Cheryl,Wold,your company,Industrial Real Estate,cheryl@ucla.edu,cheryl@ucla.edu
Nicole,Garrett,your company,Industrial Real Estate,nicole@underpressure.com,nicole@underpressure.com
Aidan,Zerafat,your company,Industrial Real Estate,azerafat@umih.com,azerafat@umih.com
there,,your company,Industrial Real Estate,shop@valleycpap.com,shop@valleycpap.com
Ruben,Balayan,your company,Industrial Real Estate,rbalayan@wcambulance.com,rbalayan@wcambulance.com
there,,your company,Industrial Real Estate,info@wcmequipment.com,info@wcmequipment.com
there,,your company,Industrial Real Estate,info@wishingwellmedical.com,info@wishingwellmedical.com
there,,your company,Industrial Real Estate,info@yourlaserskincare.com,info@yourlaserskincare.com
Angela,Reese,your company,Industrial Real Estate,areese@180medical.com,areese@180medical.com
there,,your company,Industrial Real Estate,info@endorxmedical.com,info@endorxmedical.com
Kenneth,Guzman,your company,Industrial Real Estate,guzman.k@airgas.com,guzman.k@airgas.com
Robert,Nazarifar,your company,Industrial Real Estate,r.nazarifar@ajmedusa.com,r.nazarifar@ajmedusa.com
there,,your company,Industrial Real Estate,admin@amcimedical.com,admin@amcimedical.com
Kaitlin,Hernandez,your company,Industrial Real Estate,khernandez@angelmedicalsupply.com,khernandez@angelmedicalsupply.com
Maidelin,Martinez,your company,Industrial Real Estate,maidelin@apnix.com,maidelin@apnix.com
there,,your company,Industrial Real Estate,info@baxtermed.com,info@baxtermed.com
Keeler,Gonzales,your company,Industrial Real Estate,keeler.gonzales@biotexmedical.com,keeler.gonzales@biotexmedical.com
there,,your company,Industrial Real Estate,zain@completemedicalsupply.net,zain@completemedicalsupply.net
Richard,Owen,your company,Industrial Real Estate,rowen@danlocgroup.com,rowen@danlocgroup.com
Kim,Crum,your company,Industrial Real Estate,kcrum@godasco.com,kcrum@godasco.com
there,,your company,Industrial Real Estate,fer@ecaremedicalsupplies.com,fer@ecaremedicalsupplies.com
Rob,Mcpheron,your company,Industrial Real Estate,rmcpheron@esppe.com,rmcpheron@esppe.com
there,,your company,Industrial Real Estate,info@xelmed.com,info@xelmed.com
Kevin,Fosty,your company,Industrial Real Estate,kfosty@wearfigs.com,kfosty@wearfigs.com
there,,your company,Industrial Real Estate,maria@1stchoicemedicalsupplies.org,maria@1stchoicemedicalsupplies.org
Eric,Herrera,your company,Industrial Real Estate,eherrera@gilgalmedical.com,eherrera@gilgalmedical.com
Joe,McCourt,your company,Industrial Real Estate,joe@harleemedical.com,joe@harleemedical.com
there,,your company,Industrial Real Estate,info@healwellmedicalsupply.com,info@healwellmedicalsupply.com
Anthony,Smith,your company,Industrial Real Estate,anthony.smith@healingair.com,anthony.smith@healingair.com
Cory,Monks,your company,Industrial Real Estate,cory.monks@healthlinedme.com,cory.monks@healthlinedme.com
there,,your company,Industrial Real Estate,sales@horizonmedicalequipment.net,sales@horizonmedicalequipment.net
there,,your company,Industrial Real Estate,sales@hms-tx.com,sales@hms-tx.com
Reza,Rastegar,your company,Industrial Real Estate,reza@knovelcam.com,reza@knovelcam.com
Jon,Martinez,your company,Industrial Real Estate,jon@mappcaster.com,jon@mappcaster.com
Christine,Chappell,your company,Industrial Real Estate,christine.chappell@mpshme.com,christine.chappell@mpshme.com
there,,your company,Industrial Real Estate,sales@medicaltectronics.net,sales@medicaltectronics.net
Hoa,Pham,your company,Industrial Real Estate,hoa.pham@mercmedicalsupply.com,hoa.pham@mercmedicalsupply.com
Cory,Marsh,your company,Industrial Real Estate,cmarsh@merit.com,cmarsh@merit.com
there,,your company,Industrial Real Estate,vethelp@lonestarlegal.org,vethelp@lonestarlegal.org
Adam,Burck,your company,Industrial Real Estate,aburck@multimedicaltx.com,aburck@multimedicaltx.com
there,,your company,Industrial Real Estate,contact@neurastasis.com,contact@neurastasis.com
Glenn,Paxman,your company,Industrial Real Estate,paxman@paxmanscalpcooling.com,paxman@paxmanscalpcooling.com
there,,your company,Industrial Real Estate,support@piccdesign.com,support@piccdesign.com
there,,your company,Industrial Real Estate,info@redoakmedical.com,info@redoakmedical.com
Jixian,Wang,your company,Industrial Real Estate,jixian@regdesk.co,jixian@regdesk.co
John,Irving,your company,Industrial Real Estate,john@rehabmedical.com,john@rehabmedical.com
Rod,Thigpen,your company,Industrial Real Estate,rodthigpen@resource-corp.com,rodthigpen@resource-corp.com
Vern,Miller,your company,Industrial Real Estate,vern@safewaymedicalsupply.com,vern@safewaymedicalsupply.com
Charles,Goldberg,your company,Industrial Real Estate,cgoldberg@sleeprestfully.com,cgoldberg@sleeprestfully.com
Rob,Pupelis,your company,Industrial Real Estate,rob@spectros.com,rob@spectros.com
Faisal,Poonawala,your company,Industrial Real Estate,faisal@springbranchmedical.com,faisal@springbranchmedical.com
there,,your company,Industrial Real Estate,info@sterileservicesllc.com,info@sterileservicesllc.com
there,,your company,Industrial Real Estate,info@shsus.org,info@shsus.org
there,,your company,Industrial Real Estate,support@sycamorebio.com,support@sycamorebio.com
Ronen,Babajanov,your company,Industrial Real Estate,rbabajanov@texasmedicaltechnology.com,rbabajanov@texasmedicaltechnology.com
there,,your company,Industrial Real Estate,affiliate@medequipshop.com,affiliate@medequipshop.com
there,,your company,Industrial Real Estate,admin@therapysupply.com,admin@therapysupply.com
Richard,Su,your company,Industrial Real Estate,rs@tomowave.com,rs@tomowave.com
Carey,Stoner,your company,Industrial Real Estate,carey@usme.com,carey@usme.com
there,,your company,Industrial Real Estate,jonathan@vanability.com,jonathan@vanability.com
Brian,White,your company,Industrial Real Estate,brian.white@weh.us,brian.white@weh.us
there,,your company,Industrial Real Estate,2heartsmedical@gmail.com,2heartsmedical@gmail.com
Yusuf,Ali,your company,Industrial Real Estate,yusuf@houstonpallets.com,yusuf@houstonpallets.com
Melanie,Peralta,your company,Industrial Real Estate,mperalta@academymedical.net,mperalta@academymedical.net
Dawn,Touchet,your company,Industrial Real Estate,dawn@amescrubs.com,dawn@amescrubs.com
there,,your company,Industrial Real Estate,info@advmedhomecare.com,info@advmedhomecare.com
Elmer,Villatoro,your company,Industrial Real Estate,elmer.villatoro@agilitihealth.com,elmer.villatoro@agilitihealth.com
there,,your company,Industrial Real Estate,info@agtlabs.com,info@agtlabs.com
James,Pratt,your company,Industrial Real Estate,jp@alcon.com,jp@alcon.com
there,,your company,Industrial Real Estate,info@ampdme.com,info@ampdme.com
Adrienne,Bricaud,your company,Industrial Real Estate,abricaud@antechdiagnostics.com,abricaud@antechdiagnostics.com
Erica,Weese,your company,Industrial Real Estate,eweese@apria.com,eweese@apria.com
Dewayne,Bailey,your company,Industrial Real Estate,dbailey@armstrongmed.com,dbailey@armstrongmed.com
there,,your company,Industrial Real Estate,info@baileysmedical.com,info@baileysmedical.com
Joe,Almeida,your company,Industrial Real Estate,jalmeida@baxter.com,jalmeida@baxter.com
there,,your company,Industrial Real Estate,orderstatus@bayshoremedicalsupply.net,orderstatus@bayshoremedicalsupply.net
Mike,Cox,your company,Industrial Real Estate,mcox@brooksequipment.com,mcox@brooksequipment.com
Chris,Miller,your company,Industrial Real Estate,chris@getcompletecare.com,chris@getcompletecare.com
Jon,Wolf,your company,Industrial Real Estate,jon.wolf@coramhc.com,jon.wolf@coramhc.com
there,,your company,Industrial Real Estate,derrickengineer19@yahoo.com,derrickengineer19@yahoo.com
Debbie,Allison,your company,Industrial Real Estate,debbie@ddmsllc.com,debbie@ddmsllc.com
there,,your company,Industrial Real Estate,ataiwo@globalwavemart.com,ataiwo@globalwavemart.com
Kionna,Kellogg,your company,Industrial Real Estate,kkellogg@forwardscience.com,kkellogg@forwardscience.com
Daniel,Armstrong,your company,Industrial Real Estate,daniela@txmobility.com,daniela@txmobility.com
John,Ellis,your company,Industrial Real Estate,john@hangerclinic.com,john@hangerclinic.com
there,,your company,Industrial Real Estate,info@hkmedequip.com,info@hkmedequip.com
there,,your company,Industrial Real Estate,info@instrumentservices.com,info@instrumentservices.com
there,,your company,Industrial Real Estate,info@jandrmedical.com,info@jandrmedical.com
Scott,Weiss,your company,Industrial Real Estate,weiss@mckesson.com,weiss@mckesson.com
Gearld,Hoffman,your company,Industrial Real Estate,ghoffman@medexpsi.com,ghoffman@medexpsi.com
Fernando,Sedano,your company,Industrial Real Estate,fsedano@medirectmedicalsupplies.com,fsedano@medirectmedicalsupplies.com
JoAnn,Mick,your company,Industrial Real Estate,joann.mick@memorialhermann.org,joann.mick@memorialhermann.org
there,,your company,Industrial Real Estate,international@memorialhermann.org,international@memorialhermann.org
Irfan,Mirza,your company,Industrial Real Estate,irfan.mirza@monitormedical.com,irfan.mirza@monitormedical.com
Daniel,Houston,your company,Industrial Real Estate,houston@nsm-seating.com,houston@nsm-seating.com
Lezlie,Potts,your company,Industrial Real Estate,lezlie@nationwidetestingsys.com,lezlie@nationwidetestingsys.com
there,,your company,Industrial Real Estate,humblemedicalsupply@gmail.com,humblemedicalsupply@gmail.com
Pam,Bednar,your company,Industrial Real Estate,pam.bednar@pacelabs.com,pam.bednar@pacelabs.com
Yuliya,Berman,your company,Industrial Real Estate,yberman@paragonhealthcare.com,yberman@paragonhealthcare.com
Jim,Rodimon,your company,Industrial Real Estate,jrodimon@pccarx.com,jrodimon@pccarx.com
there,,your company,Industrial Real Estate,charliep@rediquip.com,charliep@rediquip.com
there,,your company,Industrial Real Estate,ricevillagemedsupply@gmail.com,ricevillagemedsupply@gmail.com
there,,your company,Industrial Real Estate,info@richmondmedicalequipment.com,info@richmondmedicalequipment.com
Andy,Cox,your company,Industrial Real Estate,andy@sosmedicalsupplies.com,andy@sosmedicalsupplies.com
Staadan,Sawyer,your company,Industrial Real Estate,staadans@spbs.com,staadans@spbs.com
there,,your company,Industrial Real Estate,contact@sugarlandmedicalsupply.com,contact@sugarlandmedicalsupply.com
there,,your company,Industrial Real Estate,sales@testequipmentusa.com,sales@testequipmentusa.com
there,,your company,Industrial Real Estate,financial@unityhomecare.com,financial@unityhomecare.com
Dena,Cavazos,your company,Industrial Real Estate,dena.cavazos@vitalushealth.com,dena.cavazos@vitalushealth.com
Anna,Golod,your company,Industrial Real Estate,agolod@wexlersurgical.com,agolod@wexlersurgical.com
